{
    "name": "root",
    "metadata": {
        "timer_format_version": "0.1.0",
        "start_time_seconds": "1679595100",
        "python_version": "3.9.13 (tags/v3.9.13:6de2ca5, May 17 2022, 16:36:42) [MSC v.1929 64 bit (AMD64)]",
        "command_line_arguments": "E:\\Unity Games\\ML-Agent Project\\ML-Agent-Project\\venv\\Scripts\\mlagents-learn config/visualCoinCollector.yaml --run-id=VisualCoinCollector9",
        "mlagents_version": "0.30.0",
        "mlagents_envs_version": "0.30.0",
        "communication_protocol_version": "1.5.0",
        "pytorch_version": "1.13.1+cpu",
        "numpy_version": "1.21.2",
        "end_time_seconds": "1679595421"
    },
    "total": 320.3352539,
    "count": 1,
    "self": 0.004912200000035227,
    "children": {
        "run_training.setup": {
            "total": 0.06909090000000018,
            "count": 1,
            "self": 0.06909090000000018
        },
        "TrainerController.start_learning": {
            "total": 320.26125079999997,
            "count": 1,
            "self": 0.16322399999893378,
            "children": {
                "TrainerController._reset_env": {
                    "total": 3.6664559000000003,
                    "count": 1,
                    "self": 3.6664559000000003
                },
                "TrainerController.advance": {
                    "total": 316.04842610000105,
                    "count": 7453,
                    "self": 0.07117420000071206,
                    "children": {
                        "env_step": {
                            "total": 315.97725190000034,
                            "count": 7453,
                            "self": 292.7364532999993,
                            "children": {
                                "SubprocessEnvManager._take_step": {
                                    "total": 23.129405699999502,
                                    "count": 7453,
                                    "self": 0.3363771999990277,
                                    "children": {
                                        "TorchPolicy.evaluate": {
                                            "total": 22.793028500000474,
                                            "count": 7441,
                                            "self": 22.793028500000474
                                        }
                                    }
                                },
                                "workers": {
                                    "total": 0.11139290000153323,
                                    "count": 7452,
                                    "self": 0.0,
                                    "children": {
                                        "worker_root": {
                                            "total": 252.8923423000014,
                                            "count": 7452,
                                            "is_parallel": true,
                                            "self": 58.30492410000056,
                                            "children": {
                                                "steps_from_proto": {
                                                    "total": 0.018018700000000276,
                                                    "count": 1,
                                                    "is_parallel": true,
                                                    "self": 0.00020000000000042206,
                                                    "children": {
                                                        "_process_maybe_compressed_observation": {
                                                            "total": 0.017818699999999854,
                                                            "count": 2,
                                                            "is_parallel": true,
                                                            "self": 0.00042420000000031877,
                                                            "children": {
                                                                "_observation_to_np_array": {
                                                                    "total": 0.017394499999999535,
                                                                    "count": 12,
                                                                    "is_parallel": true,
                                                                    "self": 0.00017950000000022115,
                                                                    "children": {
                                                                        "process_pixels": {
                                                                            "total": 0.017214999999999314,
                                                                            "count": 12,
                                                                            "is_parallel": true,
                                                                            "self": 0.004227299999997491,
                                                                            "children": {
                                                                                "image_decompress": {
                                                                                    "total": 0.012987700000001823,
                                                                                    "count": 24,
                                                                                    "is_parallel": true,
                                                                                    "self": 0.012987700000001823
                                                                                }
                                                                            }
                                                                        }
                                                                    }
                                                                }
                                                            }
                                                        }
                                                    }
                                                },
                                                "UnityEnvironment.step": {
                                                    "total": 194.56939950000083,
                                                    "count": 7452,
                                                    "is_parallel": true,
                                                    "self": 0.9562387000003127,
                                                    "children": {
                                                        "UnityEnvironment._generate_step_input": {
                                                            "total": 1.3259237999998956,
                                                            "count": 7452,
                                                            "is_parallel": true,
                                                            "self": 1.3259237999998956
                                                        },
                                                        "communicator.exchange": {
                                                            "total": 123.95351360000049,
                                                            "count": 7452,
                                                            "is_parallel": true,
                                                            "self": 123.95351360000049
                                                        },
                                                        "steps_from_proto": {
                                                            "total": 68.33372340000014,
                                                            "count": 7452,
                                                            "is_parallel": true,