{
    "name": "root",
    "gauges": {
        "ButtonPress.Policy.Entropy.mean": {
            "value": 1.3444726467132568,
            "min": 1.3444726467132568,
            "max": 3.562297821044922,
            "count": 14
        },
        "ButtonPress.Policy.Entropy.sum": {
            "value": 28717.935546875,
            "min": 28717.935546875,
            "max": 79282.5,
            "count": 14
        },
        "ButtonPress.Step.mean": {
            "value": 279920.0,
            "min": 19968.0,
            "max": 279920.0,
            "count": 14
        },
        "ButtonPress.Step.sum": {
            "value": 279920.0,
            "min": 19968.0,
            "max": 279920.0,
            "count": 14
        },
        "ButtonPress.Policy.ExtrinsicValueEstimate.mean": {
            "value": 453.86517333984375,
            "min": 0.01696498692035675,
            "max": 453.86517333984375,
            "count": 14
        },
        "ButtonPress.Policy.ExtrinsicValueEstimate.sum": {
            "value": 77157.078125,
            "min": 2.8501176834106445,
            "max": 77157.078125,
            "count": 14
        },
        "ButtonPress.Losses.PolicyLoss.mean": {
            "value": 0.06234181793694983,
            "min": 0.06234181793694983,
            "max": 0.07259998761463753,
            "count": 14
        },
        "ButtonPress.Losses.PolicyLoss.sum": {
            "value": 0.49873454349559865,
            "min": 0.34303866981645115,
            "max": 0.5943211741542175,
            "count": 14
        },
        "ButtonPress.Losses.ValueLoss.mean": {
            "value": 641.7643835336465,
            "min": 6.260183912864959e-06,
            "max": 1163.4275465164362,
            "count": 14
        },
        "ButtonPress.Losses.ValueLoss.sum": {
            "value": 5134.115068269172,
            "min": 3.756110347718975e-05,
            "max": 9028.604868707118,
            "count": 14
        },
        "ButtonPress.Policy.LearningRate.mean": {
            "value": 0.00029596020134660004,
            "min": 0.00029596020134660004,
            "max": 0.000299824896058368,
            "count": 14
        },
        "ButtonPress.Policy.LearningRate.sum": {
            "value": 0.0023676816107728003,
            "min": 0.0014991244802918398,
            "max": 0.0026716852294382597,
            "count": 14
        },
        "ButtonPress.Policy.Epsilon.mean": {
            "value": 0.19865339999999998,
            "min": 0.19865339999999998,
            "max": 0.19994163200000004,
            "count": 14
        },
        "ButtonPress.Policy.Epsilon.sum": {
            "value": 1.5892271999999998,
            "min": 0.9997081600000002,
            "max": 1.79056174,
            "count": 14
        },
        "ButtonPress.Policy.Beta.mean": {
            "value": 0.004932804660000001,
            "min": 0.004932804660000001,
            "max": 0.0049970874368,
            "count": 14
        },
        "ButtonPress.Policy.Beta.sum": {
            "value": 0.039462437280000005,
            "min": 0.024985437184,
            "max": 0.044529030826,
            "count": 14
        },
        "ButtonPress.Environment.EpisodeLength.mean": {
            "value": 799.0,
            "min": 786.3636363636364,
            "max": 799.0,
            "count": 14
        },
        "ButtonPress.Environment.EpisodeLength.sum": {
            "value": 23171.0,
            "min": 12784.0,
            "max": 25568.0,
            "count": 14
        },
        "ButtonPress.Environment.CumulativeReward.mean": {
            "value": 3263.9444444444443,
            "min": 0.0,
            "max": 3263.9444444444443,
            "count": 14
        },
        "ButtonPress.Environment.CumulativeReward.sum": {
            "value": 58751.0,
            "min": 0.0,
            "max": 61362.0,
            "count": 14
        },
        "ButtonPress.Policy.ExtrinsicReward.mean": {
            "value": 3263.9444444444443,
            "min": 0.0,
            "max": 3263.9444444444443,
            "count": 14
        },
        "ButtonPress.Policy.ExtrinsicReward.sum": {
            "value": 58751.0,
            "min": 0.0,
            "max": 61362.0,
            "count": 14
        },
        "ButtonPress.IsTraining.mean": {
            "value": 1.0,
            "min": 1.0,
            "max": 1.0,
            "count": 14
        },
        "ButtonPress.IsTraining.sum": {
            "value": 1.0,
            "min": 1.0,
            "max": 1.0,
            "count": 14
        }
    },
    "metadata": {
        "timer_format_version": "0.1.0",
        "start_time_seconds": "1678906495",
        "python_version": "3.9.13 (tags/v3.9.13:6de2ca5, May 17 2022, 16:36:42) [MSC v.1929 64 bit (AMD64)]",
        "command_line_arguments": "E:\\Unity Games\\ML-Agent Project\\ML-Agent-Project\\venv\\Scripts\\mlagents-learn config/moveToButton.yaml --run-id=buttonPress_3",
        "mlagents_version": "0.30.0",
        "mlagents_envs_version": "0.30.0",
        "communication_protocol_version": "1.5.0",
        "pytorch_version": "1.13.1+cpu",
        "numpy_version": "1.21.2",
        "end_time_seconds": "1678906784"
    },
    "total": 289.7667869,
    "count": 1,
    "self": 0.004688799999996718,
    "children": {
        "run_training.setup": {
            "total": 0.06805710000000009,
            "count": 1,
            "self": 0.06805710000000009
        },
        "TrainerController.start_learning": {
            "total": 289.694041,
            "count": 1,
            "self": 0.44553649999824074,
            "children": {
                "TrainerController._reset_env": {
                    "total": 4.788089899999999,
                    "count": 1,
                    "self": 4.788089899999999
                },
                "TrainerController.advance": {
                    "total": 284.3117302000018,
                    "count": 24301,
                    "self": 0.22670910000374533,
                    "children": {
                        "env_step": {
                            "total": 284.0850210999981,
                            "count": 24301,
                            "self": 228.09291019999824,
                            "children": {
                                "SubprocessEnvManager._take_step": {
                                    "total": 55.764089200002026,
                                    "count": 24302,
                                    "self": 1.0152350000017591,
                                    "children": {
                                        "TorchPolicy.evaluate": {
                                            "total": 54.74885420000027,
                                            "count": 24278,
                                            "self": 54.74885420000027
                                        }
                                    }
                                },
                                "workers": {
                                    "total": 0.22802169999778776,
                                    "count": 24300,
                                    "self": 0.0,
                                    "children": {
                                        "worker_root": {
                                            "total": 216.98832289999814,
                                            "count": 24300,
                                            "is_parallel": true,
                                            "self": 104.44648179999973,
                                            "children": {
                                                "steps_from_proto": {
                                                    "total": 0.0007120999999994382,
                                                    "count": 2,
                                                    "is_parallel": true,
                                                    "self": 0.00031560000000485644,