{
    "name": "root",
    "metadata": {
        "timer_format_version": "0.1.0",
        "start_time_seconds": "1678919737",
        "python_version": "3.9.13 (tags/v3.9.13:6de2ca5, May 17 2022, 16:36:42) [MSC v.1929 64 bit (AMD64)]",
        "command_line_arguments": "E:\\Unity Games\\ML-Agent Project\\ML-Agent-Project\\venv\\Scripts\\mlagents-learn config/moveToButton.yaml --run-id=MoveToButton_1",
        "mlagents_version": "0.30.0",
        "mlagents_envs_version": "0.30.0",
        "communication_protocol_version": "1.5.0",
        "pytorch_version": "1.13.1+cpu",
        "numpy_version": "1.21.2",
        "end_time_seconds": "1678920361"
    },
    "total": 624.2361463000001,
    "count": 1,
    "self": 0.005410200000028453,
    "children": {
        "run_training.setup": {
            "total": 0.08374210000000004,
            "count": 1,
            "self": 0.08374210000000004
        },
        "TrainerController.start_learning": {
            "total": 624.1469940000001,
            "count": 1,
            "self": 0.9806855000026644,
            "children": {
                "TrainerController._reset_env": {
                    "total": 4.032318500000001,
                    "count": 1,
                    "self": 4.032318500000001
                },
                "TrainerController.advance": {
                    "total": 619.0433283999974,
                    "count": 46676,
                    "self": 0.4576601000036362,
                    "children": {
                        "env_step": {
                            "total": 618.5856682999938,
                            "count": 46676,
                            "self": 474.2975983999986,
                            "children": {
                                "SubprocessEnvManager._take_step": {
                                    "total": 143.82668839999837,
                                    "count": 46677,
                                    "self": 2.238877500000939,
                                    "children": {
                                        "TorchPolicy.evaluate": {
                                            "total": 141.58781089999744,
                                            "count": 45785,
                                            "self": 141.58781089999744
                                        }
                                    }
                                },
                                "workers": {
                                    "total": 0.46138149999686906,
                                    "count": 46675,
                                    "self": 0.0,
                                    "children": {
                                        "worker_root": {
                                            "total": 528.0672435000065,
                                            "count": 46675,
                                            "is_parallel": true,
                                            "self": 269.1819649000057,
                                            "children": {
                                                "steps_from_proto": {
                                                    "total": 0.0010057000000012195,
                                                    "count": 2,
                                                    "is_parallel": true,
                                                    "self": 0.00035429999999880835,
                                                    "children": {
                                                        "_process_rank_one_or_two_observation": {
                                                            "total": 0.0006514000000024112,
                                                            "count": 4,
                                                            "is_parallel": true,
                                                            "self": 0.0006514000000024112
                                                        }
                                                    }
                                                },
                                                "UnityEnvironment.step": {
                                                    "total": 258.8842729000008,
                                                    "count": 46675,
                                                    "is_parallel": true,
                                                    "self": 7.017452600002315,
                                                    "children": {
                                                        "UnityEnvironment._generate_step_input": {
                                                            "total": 10.93851580000085,
                                                            "count": 46675,
                                                            "is_parallel": true,
                                                            "self": 10.93851580000085
                                                        },
                                                        "communicator.exchange": {
                                                            "total": 222.87819279999712,
                                                            "count": 46675,
                                                            "is_parallel": true,
                                                            "self": 222.87819279999712
                                                        },
                                                        "steps_from_proto": {
                                                            "total": 18.050111700000482,
                                                            "count": 46675,
                                                            "is_parallel": true,
                                                            "self": 6.38361960000039,
                                                            "children": {
                                                                "_process_rank_one_or_two_observation": {
                                                                    "total": 11.666492100000092,
                                                                    "count": 93350,
                                                                    "is_parallel": true,
                                                                    "self": 11.666492100000092
                                                                }
                                                            }
                                                        }
                                                    }
                                                }
                                            }
                                        }
                                    }
                                }
                            }
                        }
                    }
                },
                "TrainerController._save_models": {
                    "total": 0.0906615999999758,
                    "count": 1,
                    "self": 0.001231599999982791,
                    "children": {
                        "RLTrainer._checkpoint": {
                            "total": 0.08942999999999302,
                            "count": 1,
                            "self": 0.08942999999999302
                        }
                    }
                }
            }
        }
    }
}