{
    "name": "root",
    "metadata": {
        "timer_format_version": "0.1.0",
        "start_time_seconds": "1679837785",
        "python_version": "3.9.13 (tags/v3.9.13:6de2ca5, May 17 2022, 16:36:42) [MSC v.1929 64 bit (AMD64)]",
        "command_line_arguments": "E:\\Unity Games\\ML-Agent Project\\ML-Agent-Project\\venv\\Scripts\\mlagents-learn config/visualCoinCollector.yaml --initialize-from=VisualCoinCollector12 --run-id=VisualCoinCollector13",
        "mlagents_version": "0.30.0",
        "mlagents_envs_version": "0.30.0",
        "communication_protocol_version": "1.5.0",
        "pytorch_version": "1.13.1+cpu",
        "numpy_version": "1.21.2",
        "end_time_seconds": "1679840892"
    },
    "total": 3106.9452834,
    "count": 1,
    "self": 0.008152599999903032,
    "children": {
        "run_training.setup": {
            "total": 0.07132120000000008,
            "count": 1,
            "self": 0.07132120000000008
        },
        "TrainerController.start_learning": {
            "total": 3106.8658096,
            "count": 1,
            "self": 2.235305399988647,
            "children": {
                "TrainerController._reset_env": {
                    "total": 4.0464795,
                    "count": 1,
                    "self": 4.0464795
                },
                "TrainerController.advance": {
                    "total": 3100.2307645000114,
                    "count": 102114,
                    "self": 0.9722845999990568,
                    "children": {
                        "env_step": {
                            "total": 3099.2584799000124,
                            "count": 102114,
                            "self": 2864.484468500005,
                            "children": {
                                "SubprocessEnvManager._take_step": {
                                    "total": 233.24468900000613,
                                    "count": 102114,
                                    "self": 3.8496593999942093,
                                    "children": {
                                        "TorchPolicy.evaluate": {
                                            "total": 229.39502960001192,
                                            "count": 83571,
                                            "self": 229.39502960001192
                                        }
                                    }
                                },
                                "workers": {
                                    "total": 1.5293224000012966,
                                    "count": 102113,
                                    "self": 0.0,
                                    "children": {
                                        "worker_root": {
                                            "total": 3030.4152563999664,
                                            "count": 102113,
                                            "is_parallel": true,
                                            "self": 912.5516828000204,
                                            "children": {
                                                "steps_from_proto": {
                                                    "total": 0.01145779999999963,
                                                    "count": 1,
                                                    "is_parallel": true,
                                                    "self": 0.0001501999999993231,
                                                    "children": {
                                                        "_process_maybe_compressed_observation": {
                                                            "total": 0.011307600000000306,
                                                            "count": 2,
                                                            "is_parallel": true,
                                                            "self": 3.370000000035844e-05,
                                                            "children": {
                                                                "_observation_to_np_array": {
                                                                    "total": 0.011273899999999948,
                                                                    "count": 1,
                                                                    "is_parallel": true,
                                                                    "self": 2.6399999999426882e-05,
                                                                    "children": {
                                                                        "process_pixels": {
                                                                            "total": 0.011247500000000521,
                                                                            "count": 1,
                                                                            "is_parallel": true,
                                                                            "self": 0.0005848000000012732,
                                                                            "children": {
                                                                                "image_decompress": {
                                                                                    "total": 0.010662699999999248,
                                                                                    "count": 2,
                                                                                    "is_parallel": true,
                                                                                    "self": 0.010662699999999248
                                                                                }
                                                                            }
                                                                        }
                                                                    }
                                                                }
                                                            }
                                                        }
                                                    }
                                                },
                                                "UnityEnvironment.step": {
                                                    "total": 2117.852115799946,
                                                    "count": 102113,
                                                    "is_parallel": true,
                                                    "self": 11.43235029990592,
                                                    "children": {
                                                        "UnityEnvironment._generate_step_input": {
                                                            "total": 13.506243100035991,
                                                            "count": 102113,
                                                            "is_parallel": true,
                                                            "self": 13.506243100035991
                                                        },
                                                        "communicator.exchange": {
                                                            "total": 1410.8769084000348,
                                                            "count": 102113,
                                                            "is_parallel": true,
                                                            "self": 1410.8769084000348
                                                        },
                                                        "steps_from_proto": {
                                                            "total": 682.0366139999694,
                                                            "count": 102113,