{
    "name": "root",
    "metadata": {
        "timer_format_version": "0.1.0",
        "start_time_seconds": "1678921434",
        "python_version": "3.9.13 (tags/v3.9.13:6de2ca5, May 17 2022, 16:36:42) [MSC v.1929 64 bit (AMD64)]",
        "command_line_arguments": "E:\\Unity Games\\ML-Agent Project\\ML-Agent-Project\\venv\\Scripts\\mlagents-learn config/moveToButton.yaml --run-id=MoveToButton_3",
        "mlagents_version": "0.30.0",
        "mlagents_envs_version": "0.30.0",
        "communication_protocol_version": "1.5.0",
        "pytorch_version": "1.13.1+cpu",
        "numpy_version": "1.21.2",
        "end_time_seconds": "1678921542"
    },
    "total": 107.802458,
    "count": 1,
    "self": 0.004707800000005591,
    "children": {
        "run_training.setup": {
            "total": 0.07042989999999993,
            "count": 1,
            "self": 0.07042989999999993
        },
        "TrainerController.start_learning": {
            "total": 107.7273203,
            "count": 1,
            "self": 0.07294329999982097,
            "children": {
                "TrainerController._reset_env": {
                    "total": 3.2222336999999994,
                    "count": 1,
                    "self": 3.2222336999999994
                },
                "TrainerController.advance": {
                    "total": 104.32954140000018,
                    "count": 3767,
                    "self": 0.03314070000018887,
                    "children": {
                        "env_step": {
                            "total": 104.29640069999999,
                            "count": 3767,
                            "self": 93.19908460000002,
                            "children": {
                                "SubprocessEnvManager._take_step": {
                                    "total": 11.060852100000059,
                                    "count": 3767,
                                    "self": 0.18044810000024292,
                                    "children": {
                                        "TorchPolicy.evaluate": {
                                            "total": 10.880403999999816,
                                            "count": 3767,
                                            "self": 10.880403999999816
                                        }
                                    }
                                },
                                "workers": {
                                    "total": 0.03646399999991434,
                                    "count": 3766,
                                    "self": 0.0,
                                    "children": {
                                        "worker_root": {
                                            "total": 41.88985319999984,
                                            "count": 3766,
                                            "is_parallel": true,
                                            "self": 21.54807829999969,
                                            "children": {
                                                "steps_from_proto": {
                                                    "total": 0.0005075000000003271,
                                                    "count": 1,
                                                    "is_parallel": true,
                                                    "self": 0.0001812000000001035,
                                                    "children": {
                                                        "_process_rank_one_or_two_observation": {
                                                            "total": 0.00032630000000022363,
                                                            "count": 2,
                                                            "is_parallel": true,
                                                            "self": 0.00032630000000022363
                                                        }
                                                    }
                                                },
                                                "UnityEnvironment.step": {
                                                    "total": 20.34126740000015,
                                                    "count": 3766,
                                                    "is_parallel": true,
                                                    "self": 0.5713815000004594,
                                                    "children": {
                                                        "UnityEnvironment._generate_step_input": {
                                                            "total": 0.9113915999998019,
                                                            "count": 3766,
                                                            "is_parallel": true,
                                                            "self": 0.9113915999998019
                                                        },
                                                        "communicator.exchange": {
                                                            "total": 17.376973499999885,
                                                            "count": 3766,
                                                            "is_parallel": true,
                                                            "self": 17.376973499999885
                                                        },
                                                        "steps_from_proto": {
                                                            "total": 1.4815208000000006,
                                                            "count": 3766,
                                                            "is_parallel": true,
                                                            "self": 0.5206615999998925,
                                                            "children": {
                                                                "_process_rank_one_or_two_observation": {
                                                                    "total": 0.9608592000001082,
                                                                    "count": 7532,
                                                                    "is_parallel": true,
                                                                    "self": 0.9608592000001082
                                                                }
                                                            }
                                                        }
                                                    }
                                                }
                                            }
                                        }
                                    }
                                }
                            }
                        }
                    }
                },
                "TrainerController._save_models": {
                    "total": 0.10260189999999625,
                    "count": 1,
                    "self": 0.001228600000004576,
                    "children": {
                        "RLTrainer._checkpoint": {
                            "total": 0.10137329999999167,
                            "count": 1,
                            "self": 0.10137329999999167
                        }
                    }
                }
            }
        }
    }
}